{
    "0": {
        "precision": 0.9995306503713384,
        "recall": 0.980987219437294,
        "f1-score": 0.9901721245715119,
        "support": 110715.0
    },
    "1": {
        "precision": 0.15223519935561822,
        "recall": 0.8811188811188811,
        "f1-score": 0.25961538461538464,
        "support": 429.0
    },
    "accuracy": 0.9806017418844022,
    "macro avg": {
        "precision": 0.5758829248634783,
        "recall": 0.9310530502780876,
        "f1-score": 0.6248937545934483,
        "support": 111144.0
    },
    "weighted avg": {
        "precision": 0.9962602106851138,
        "recall": 0.9806017418844022,
        "f1-score": 0.9873522796726314,
        "support": 111144.0
    }
}